dataset_id,dataset_version_id,multiome_cell_count,multiome_primary_cell_count
00f15b43-f871-46d8-8105-814387ad8658,dc94c601-b19e-405b-a2aa-3f51554de0de,7092,0
01b84709-139c-4485-98a9-6e14c58fbbf6,799e0777-8fe4-4d14-9183-01a7314923ec,61525,61525
023d4d04-4671-4433-af8d-158a05c81d8b,8fc0b710-45f8-4cb8-b6db-fbadd5ed5ab5,821,0
03181d87-4769-41e7-8c39-d9a81835f0d2,8a0d2cd6-9c0f-4afa-be62-d3d3a7dd02a6,4161,0
0374f03c-62e2-4859-8a14-acb00b0627d5,baa56093-bff9-48c7-9f31-bf667398ec58,541,0
04c94a7d-1133-42c9-bb48-c697bd302a8d,c71d47a1-3d67-4ed8-acbf-90491d872b26,6524,0
07428d73-fdea-4bd4-a801-94b00c4d961c,823d1b25-bebd-4481-aab5-a302850aebf1,229,0
09b518f9-da64-44cc-aec8-70a89d55611f,46aada24-d005-4486-9e21-866da4fdbd7a,37717,37717
0b024b1e-7588-45fc-b794-6fc7192f31ab,54ad14be-a4df-4683-8c69-6346e2a25db9,215680,0
0df5d172-5888-4cec-9a96-e637636bbfef,f16c25da-15bd-46a4-9a3f-17093f27a2f1,248998,248998
0eccaf0c-19d2-4900-9962-899378adf8be,078b5995-18a2-46c8-bf6d-78c318ceeab0,462,0
0ed60482-a34f-4268-b576-d69cc30210f6,5533d469-a735-4311-876a-a09481a6bf17,3140,0
100c6145-7b0e-4ba6-81c1-ffebed0d1ac4,a3092416-4409-4805-aacb-be6fab3d9fb4,1861,0
146216e1-ec30-4fee-a1fb-25defe801e2d,c3e6574c-c9ed-4495-9ccd-44146565c8f0,5561,0
19f1bec6-eeb7-4133-accc-992d745fef89,e88a34d0-d28a-4d10-a8c5-d59f86ba621a,166785,166785
1a38e762-2465-418f-b81c-6a4bce261c34,2001fbc7-de84-4e84-9a76-4290bcd65415,8981,8981
1b9db9dc-e417-4dd4-8ce4-ff39a86c55a1,791c3744-592e-43d8-84a5-5bce4bafd93d,55013,0
1c05b7ae-4dfb-4c1b-a441-4b23c04b169e,01a8996c-8817-43c5-ac45-d66342ddb97e,3317,0
1c9f5c6b-73da-4d17-95de-df080ffe0df1,53bf0c0b-18cb-4b09-b895-43bc7aa91873,902,0
203025fe-fa99-4d57-81da-458ed8f0c334,25da7ccb-04ca-49d2-b00b-a794ef8c766d,65479,65479
236baeda-5fdd-41bf-8e32-bae21ac7d435,60fdbb86-8c6e-48ec-9dd3-2bf2c9e883ea,391,0
25818bf7-e2a7-41ec-8ff2-bc369c0ff4f5,29eec938-c857-4dc0-a3c1-db864bdea6dd,203139,203139
2ad168af-ae8c-469e-b21f-dd7f93146d7e,274ed523-78e7-4ea5-85ec-b91a17497fbb,8841,0
2e5a9b5d-d31b-4e9f-a179-d5d70ba459fb,d9315841-b5c5-46cc-97bf-fd2804b0d310,241,0
2ecc72f8-085f-4e86-8692-771f316c54f6,cdb842f8-e62d-449b-9d9b-21b4ad012fc7,79,0
322c816f-608a-4da1-99c4-36ca4ad45146,74ec3a77-f1ff-4e90-af45-b8937cea0a8f,51645,51645
3a805b8d-c9d8-4c9b-881f-0eefa635974d,127a3c9a-7bcb-4362-a73e-e60fd67f5bae,109255,0
3e87b1fa-472a-401c-8fa8-f31c10437d5f,69d18d59-a55c-43cf-9abf-5ed7bb31b39b,96,0
4398dcfc-f86b-4d52-aa9f-1f2cf902c0cf,ecaf3bd4-55a8-471a-9d94-bc3d64dae249,70803,0
44c83972-e5d2-4858-ac58-2df9f4bf564b,062b6690-0131-4745-b220-5b3749f0bd6e,6933,0
47214e12-ee1e-4a89-ba9e-48136cfdeef8,c0805c98-e2ea-4a14-907b-91a60bca7dc8,9857,0
4d4c7412-9438-4508-a444-294762e8a00a,79c5dfc7-0590-4db2-b218-46d1e381f71e,1075,0
5097d77d-08fa-4105-a18f-4072d61522a4,53f96bc7-3f23-444c-aa4f-4c69d62906bd,7762,0
5106ea1a-947c-4a51-b29f-9db107392588,63098223-737c-43e2-938b-2d8d4e545124,8894,0
53bc5729-6202-4351-bc99-1f36139e9dc4,3118a841-51f1-469e-b6bc-84b9d4353ad9,5201,0
53ce2631-3646-4172-bbd9-38b0a44d8214,06ee790a-829c-4c18-afa8-2dc9d3f1579b,45549,45549
5662e542-8cf7-487b-8423-f50b64dc6421,63a24ee0-03aa-4747-8fba-6673f04d86c6,5683,0
56a4bc14-9407-45fd-8786-f7f6fc87c9dd,e6ef2a07-1b8e-49a8-a771-15b81971eac7,101924,101924
58c43cc2-e00e-43c4-94eb-8501369264e1,92762ef7-6cb4-4946-ac81-f54c640a72a4,1371,0
5ae6ab72-1927-4d5b-9826-86be65791293,66052eb8-f3d5-4244-8be6-1345943f84aa,1987,0
5e9fbc0b-16ff-4245-bd59-c22d4113c017,c3b4c13b-7a8e-4ea9-adeb-fbd5b3ee9271,10845,0
5fa72b3e-999e-4560-a105-391d109574da,5451683b-f184-4bd5-8fb1-401bf1a467c6,4300000,0
605b89b1-c474-4180-8c0b-88afb5920991,4776ed90-3953-4c30-bc24-092d258a443b,14792,0
60a29d0b-1a37-4447-ac32-00d701580b47,32b68fe9-ecf9-4302-88e1-c5491e2bc180,53799,0
61af564d-e5ea-4d34-a0f3-2668a00db376,31798b24-255e-4726-8805-66507589ccb8,51367,51367
6437bc9c-16cb-46c8-8f79-9a7384a0212a,b8dc7763-e917-42ae-ac8d-1d82e75aac24,3199,0
646e3e87-e46b-4b12-85b5-8d8589e26088,76a28c5c-e70f-4b23-a072-51103e45f33c,24844,0
6725ee8e-ef5b-4e68-8901-61bd14a1fe73,40f7635e-7fcd-4ede-82e9-0d32753a6b82,65825,65825
67b6b9ac-b841-42ce-b2d4-ed2ec12327bd,777cf301-2f1a-4429-9bb9-19173ba586d2,598289,598289
680029ee-29b3-4e03-bdb3-47d163540ef0,937bc97a-a6b2-4ee2-ade6-43eb436b0f30,955,0
6cda07c7-5d7a-41ba-9799-5bb73da25a60,0e107eec-5fe6-4eea-b2b3-e77b98fdfbad,249,0
6f7fd0f1-a2ed-4ff1-80d3-33dde731cbc3,c2b49431-9288-4d94-8ca5-f6723b72217e,86187,86187
74cff64f-9da9-4b2a-9b3b-8a04a1598040,7a4dd01b-96de-45cd-b4ac-c5892a8dc2bf,39339,39339
74d584f0-74fc-482e-b944-e76f29c1ab85,c4675fdb-f3d1-45f7-85b2-ab7e70f5e4a1,4508,0
75e6eee5-d0e3-4291-9360-f288ffe6c7c4,2bc996ec-ff6c-4da0-8cbd-70df3cc8bcbc,2174,0
79d485a8-b8b1-49f2-85aa-c44e5206aa53,b2e8ac41-9b16-4bba-b54c-23077bda35de,2592,0
7ff0197b-d175-49bf-b4fa-150fe0995d93,06b8d9c2-0bde-48bd-88d9-730993fc95e2,784561,784561
805832dc-92fc-4445-9016-067b1baa282d,e815de8f-359a-4b47-b29c-a05990b92f9b,3294,0
81e91ff8-f619-4ad1-a0c3-b45e1dc63f68,51e6c0b9-a11d-40d1-8818-b1f96b701b3f,186,0
835fa5c4-3278-4abd-b0bd-71d7f498b2dc,f8dbb700-1e9c-4a96-a45c-b360a5cc9176,77358,77358
867757c1-3b1a-49d9-a0cd-17767eb160cc,0fe5eee4-380d-4bd9-8735-ada5e03021d9,46957,46957
8a8aedcb-5bb3-453d-a9f0-f37951ae1515,e54d4c11-5f48-4c00-8462-424cb6559eb2,1441,0
8c6ed88f-11bf-4159-bad7-ff41fb1e1eca,be12502e-5883-45da-b07a-3980c0bc6b04,1035,0
8ef06ea4-8d0f-4303-a652-7d4604402b1f,30127f02-d0b9-4b56-bf4c-e5b77e4989bd,83008,83008
92594117-6e7c-47bd-bd6b-65c52cea167b,a1e971da-5c35-46fd-acc3-b742735ec7d9,116778,116778
963a08cb-d995-4862-9614-f9d38a7d7540,883270e9-41e6-4c2c-b352-b15c292d2a34,226506,226506
9940f951-3dc0-4579-bbb2-2392786e59a3,d847bbb8-9be5-473c-9f3a-4af707a2cd05,9919,0
9ac3d74d-1d94-4ff9-abf9-fe5abe4bd2a6,19aab2ef-654a-4047-8f60-3529c041851d,192616,192616
9ff9f9ba-016b-4cbb-8899-45dc20860b8b,5dbf014b-ac61-40a8-b836-8b56e55aa666,5674,0
a0d173dd-bb10-4d13-8b9a-e13a4ee83c8c,d9d217bf-9a57-440c-9b0b-885185f94240,9686,0
a190b2e9-3796-4785-9a2f-013e2a9a43e6,4a582497-f8a8-480d-a085-64fa2887b2c2,1288,0
a4e89c26-e8d4-4471-9b06-16a1405880f0,29f02ab8-ac06-45d6-b610-ad1161d58453,1889,0
aa369999-a034-4ad9-b459-8a93c86ea77b,a4310202-4dc8-4e1b-a96d-d9675f5b14d1,232328,232328
ac0fee7e-0999-4319-b244-20278e1ff2fb,67385399-fe99-4f46-b8df-aa18fa4bd82d,20328,0
b1d37bbd-9ae4-4404-b2f9-f2fe66750e4e,e6e74dde-2953-4691-86f8-6806c6d8f3b6,1152,0
b57462e3-1df5-463a-a3fa-4d67b93ef087,72dab565-a96b-4b06-a1b7-3413efeff523,26158,26158
b6f472f1-a58d-43a7-a898-2d6822a0b2b2,9e592a91-b992-4f54-9bbe-2f53dd3308da,4468,4468
b74100ea-1a1a-486a-9cad-70ae44150935,18a1753c-4c65-4bc8-a16c-420cf84ad435,40892,0
b8920ef5-7d22-497b-abca-a7a9eb76d79a,9b16a223-c8f2-4697-b2f5-c2f339e0df0f,1037,0
bdc7e498-c27d-4156-a342-8653e87001fb,70ba6bf7-d630-4274-baa2-9752924dcf56,4101,0
c19275f5-739e-4796-ad5d-b0830b760db1,10dd9ad4-c0fe-4918-8d35-04058f3a87ee,1984,0
c2876b1b-06d8-4d96-a56b-5304f815b99a,732b4aa7-e441-4196-b05e-127433425613,151356,151356
c3bf8bcf-abb7-4d71-8491-bd4901b474cf,0ba987e4-3040-448d-a3db-49e0ea73c80b,95892,95892
c76098ba-eed3-45b1-98f2-96fcac55ed18,ab53c08f-03a3-4e0e-973a-44beabd78f60,4111,0
c85b715e-6eff-409b-aa8f-cb0147171c27,bfa9ec37-f92b-4fd8-a5c1-6838268c22cc,9652,0
d0ea3ec4-0f3b-4649-9146-1c0b5f303a55,eddd7422-7f05-4c77-bfe0-4b3e8665a78f,907,0
d2fc9880-e6d3-4922-af5c-61f4f517adfa,021a2e09-19c6-42eb-9e52-3ed2cf3d6032,11825,0
d567b692-c374-4628-a508-8008f6778f22,1e1e07c3-bfcb-4a0d-91de-c2614a891409,211060,211060
d7f5d8d0-6150-48d7-b094-c34286ad11a1,a0866f01-2a0e-4984-8a93-e5e829685e75,109255,109255
d87f3f91-dca4-494b-8993-c4e3008a8fa5,cf14bcbb-f691-4d39-98d1-59de53c666c4,8925,0
db63e37d-3f18-467b-98c8-089b271454c3,c4163664-f020-4fd9-b8ba-4d459355ba12,72382,72382
de104f7e-14fa-4795-bd19-b5ee2c1563e0,db8fd714-0013-4b28-acfb-415219ddd1cb,4983,0
e1b09351-423f-471b-998f-ff865cd2ca74,313a03f1-52d1-42aa-830c-d5185a7990a8,821,0
e2a00644-0a48-4815-ae87-d562045114f5,a1ccad25-1438-41f6-a09e-d4960ca36b67,35866,35866
e73e4eb8-d5f3-47c3-b446-330f37d042da,fbdd0e80-05a3-4b1a-baa7-7486398b5d58,29523,0
e80b654f-37f3-43d0-a78a-8b9ff93c36a9,82cfc40e-77a4-4740-9210-78dc374acb3e,88658,0
e88a8e7c-0586-4690-8aa6-34efd7076f7a,02e1d36f-3019-49c9-aa3d-3a7df7ae9fd8,4502568,4502568
e8ac3386-31d4-48ba-aa70-1bae0cf020e7,e9ecc60e-9de2-4a19-9b13-2af9666602b2,2058,0
e95b508e-0275-4b12-82c6-0cda7ee89bf9,85d71c48-fc85-44a0-a476-71561a21ba2e,172370,172370
ecf2e08e-2032-4a9e-b466-b65b395f4a02,6963899a-879d-4b63-abd5-b11ddb7f8bef,7972,0
eec3e37d-ed41-4881-bc6e-aaf39a2c6eb0,ffa13314-dc7c-4651-97c6-fc099e90ae64,4261,0
f13b63f5-779f-478a-90a7-5ee65d9d6828,a0971a2c-a7bd-4e68-a459-35b8ef343b8b,29897,0
f171db61-e57e-4535-a06a-35d8b6ef8f2b,52340498-6bfb-41c0-b56f-d070d125e161,6178,0
f67f2cfa-ba45-4f77-8e26-64a15f666043,ed6e60fa-a085-4044-8535-b57ff0e788fe,740,0
f8c4782a-5be8-4de6-81b6-ec57ead9c7b5,cd8f7735-09d8-4f58-b4d0-820184dc1b6b,821,0
f9ef78fc-700f-4e97-8a4c-85df06a2c583,4d76b7b4-4d67-4016-b881-ab86e7f4d7f5,58417,0
fc0ceb80-d2d9-47c1-9d78-b0e45c64c500,feea960d-f81c-4815-8ec2-26592e82de80,105,0
